lesson,theme
1,Nature
2,Animals
3,"Space Fantasy"
4,Sounds
5,Description
6,Weather
7,Seasons
8,Food
9,Clothes
10,Home
11,Routines
12,Body
13,Tools
14,Machines
15,Family
16,Friends
17,Jobs
18,School
19,Places
20,City
21,Transportation
22,Counting
23,Shapes
24,Art
25,Festivals
26,Games
27,Story
28,Lessons
29,Nature
30,Animals
31,"Space Fantasy"
32,Sounds
33,Description
34,Weather
35,Seasons
36,Food
37,Clothes
38,Home
39,Routines
40,Body
41,Tools
42,Machines
43,Family
44,Friends
45,Jobs
46,School
47,Places
48,City
49,Transportation
50,Counting
51,Shapes
52,Art
53,Festivals
54,Games
55,Story
56,Lessons
57,Nature
58,Animals
59,"Space Fantasy"
60,Sounds
61,Description
62,Weather
63,Seasons
64,Food
65,Clothes
66,Home
67,Routines
68,Body
69,Tools
70,Machines
71,Family
72,Friends
73,Jobs
74,School
75,Places
76,City
77,Transportation
78,Counting
79,Shapes
80,Art
81,Festivals
82,Games
83,Story
84,Lessons
85,Nature
86,Animals
87,"Space Fantasy"
88,Sounds
89,Description
90,Weather
91,Seasons
92,Food
93,Clothes
94,Home
95,Routines
96,Body
97,Tools
98,Machines
99,Family
100,Friends
101,Jobs
102,School
103,Places
104,City
105,Transportation
106,Counting
107,Shapes
108,Art
109,Festivals
110,Games
111,Story
112,Lessons
113,Nature
114,Animals
115,"Space Fantasy"
116,Sounds
117,Description
118,Weather
119,Seasons
120,Food
121,Clothes
122,Home
123,Routines
124,Body
125,Tools
126,Machines
127,Family
128,Friends
129,Jobs
130,School
131,Places
132,City
133,Transportation
134,Counting
135,Shapes
136,Art
137,Festivals
138,Games
139,Story
140,Lessons
141,Nature
142,Animals
143,"Space Fantasy"
144,Sounds